index,L,a,b,Patch,QualtricsLink
0,70,-17.4832483,8.74162413,gp70-175+87.png,IM_eeOKDHowBno5tZA
1,70,0.116675056,-0.058337528,gp70+1-1.png,IM_ekBZHaNMEjrybb0
2,70,18.0423051,-9.02115256,gp70+180-90.png,IM_7TIDEkfewubnVFc
3,70,-20.9446287,10.4723143,gp70-209+105.png,IM_5gTAF70QyuVJbgy
4,70,-24.900036,12.450018,gp70-249+125.png,IM_bDbaZtyjIj7mnAy
5,70,-29.3685363,14.6842682,gp70-294+147.png,IM_0lcwz2CQKGFtTq6
6,70,-34.3468557,17.1734279,gp70-343+172.png,IM_1ZdpGBFb5hY8crY
7,70,-39.8530906,19.9265453,gp70-399+199.png,IM_9oi85XzbBt4IfEG
8,70,-45.9273164,22.9636582,gp70-459+230.png,IM_d6wceEVwK4X8f9Y
9,70,-52.6224645,26.3112322,gp70-526+263.png,IM_bJH2S1LjRme6zk2
10,70,-60,30,gp70-600+300.png,IM_eKDVQOXdOZ2Vtki
11,70,-1.30246092,0.65123046,gp70-13+7.png,IM_0Vax1jX49fxYn8W
12,70,-2.86546922,1.43273461,gp70-29+14.png,IM_3E6jnrlA8lJ6UC2
13,70,-4.58827259,2.29413629,gp70-46+23.png,IM_0Us5NOxUX7wBpky
14,70,-6.48887741,3.24443871,gp70-65+32.png,IM_0vrIyxgqzwtiBHo
15,70,-8.58930276,4.29465138,gp70-86+43.png,IM_8HW967ggHbne4jc
16,70,-10.9177841,5.45889206,gp70-109+55.png,IM_eLGuzRTrKtYU7zw
17,70,-13.5125489,6.75627443,gp70-135+68.png,IM_5pYjL391q3fkBHE
18,70,-16.4278177,8.21390887,gp70-164+82.png,IM_8IDWQGiSmCRW4fA
19,70,14.9381414,-7.46907071,gp70+149-75.png,IM_afaPSG7iEg5uLVI
20,70,12.1898367,-6.09491836,gp70+122-61.png,IM_6LtVmhSxSgFgD1I
21,70,9.73271022,-4.86635511,gp70+97-49.png,IM_0kqCrPwsWkNinlA
22,70,7.52134183,-3.76067092,gp70+75-38.png,IM_6rljjwpOjYEqEDk
23,70,5.52306386,-2.76153193,gp70+55-28.png,IM_41lZeoiTJPlBTIa
24,70,3.71307674,-1.85653837,gp70+37-19.png,IM_eCGDroksjORczpc
25,70,2.07155916,-1.03577958,gp70+21-10.png,IM_cvwceXLzQDOStzo
26,70,0.581967385,-0.290983692,gp70+6-3.png,IM_bw7e3QodZR1u27s
27,70,-0.341584327,0.170792163,gp70-3+2.png,IM_eKZOe7tVcQPWztA
28,70,-1.80669879,0.903349397,gp70-18+9.png,IM_cPedKDxtgHxrYjQ
29,70,-3.4211582,1.7105791,gp70-34+17.png,IM_2uvgb3t2opRZn1Q
30,70,-5.20106334,2.60053167,gp70-52+26.png,IM_6P6ZS2a4N6tAyyy
31,70,-7.16557823,3.58278912,gp70-72+36.png,IM_51Mq78VQ2jxfBMG
32,70,-9.3384891,4.66924455,gp70-93+47.png,IM_3IOdqb0fJHw6T4i
33,70,-11.7508391,5.87541955,gp70-118+59.png,IM_6nTvzSGX2CUjQ8K
34,70,-14.4454187,7.22270933,gp70-144+72.png,IM_8iUiKbtMQxoJcge
35,70,16.9631442,-8.48157209,gp70+170-85.png,IM_dbZMuMXrxpbrB0a
36,70,13.9861544,-6.99307721,gp70+140-70.png,IM_1ZzpLumdmKYsEhU
37,70,11.3410172,-5.67050862,gp70+113-57.png,IM_afNXjMi4EkamSIC
38,70,8.97009924,-4.48504962,gp70+90-45.png,IM_beFkNj7m3FaO8OG
39,70,6.83292457,-3.41646229,gp70+68-34.png,IM_cMSj1wQcQXCcTvo
40,70,4.89987485,-2.44993743,gp70+49-24.png,IM_0ooSeC1vSGcCv9s
41,70,3.14805771,-1.57402885,gp70+31-16.png,IM_8H6gNCrd8FHrU8e
42,70,1.55889288,-0.779446439,gp70+16-8.png,IM_3n0QAQO1TdiuTmm
43,70,61.3336891,-30.6668445,gp70+613-307.png,IM_b8yBhOGocPzvP1Q
44,70,53.8328743,-26.9164371,gp70+538-269.png,IM_eaPBYpbnJaEyFPE
45,70,47.0256927,-23.5128464,gp70+470-235.png,IM_br9RKMFxf3Od4mq
46,70,40.8493889,-20.4246945,gp70+408-204.png,IM_cCsPg9X8sORT8rk
47,70,35.2493895,-17.6246947,gp70+352-176.png,IM_eCDJJk6JewHgnPM
48,70,30.1828926,-15.0914463,gp70+302-151.png,IM_0OsPdNl8vSHndRk
49,70,25.6273713,-12.8136857,gp70+256-128.png,IM_e3hkKVJ8zGuxPsG
50,70,21.5842166,-10.7921083,gp70+216-108.png,IM_2uvrBu9QN4BNplk